[{"model": "admin.logentry", "pk": 1, "fields": {"action_time": "2021-10-26T18:11:40.588Z", "user": 1, "content_type": 7, "object_id": "1", "object_repr": "hoopdreams.example.com", "action_flag": 2, "change_message": "[{\"changed\": {\"fields\": [\"Domain name\", \"Display name\"]}}]"}}, {"model": "admin.logentry", "pk": 2, "fields": {"action_time": "2021-10-26T18:25:44.274Z", "user": 1, "content_type": 8, "object_id": "1", "object_repr": "paugasol@someemail.com", "action_flag": 2, "change_message": "[{\"changed\": {\"fields\": [\"Verified\", \"Primary\"]}}]"}}, {"model": "admin.logentry", "pk": 3, "fields": {"action_time": "2021-10-30T17:33:51.495Z", "user": 1, "content_type": 13, "object_id": "1", "object_repr": "casual", "action_flag": 1, "change_message": "[{\"added\": {}}]"}}, {"model": "admin.logentry", "pk": 4, "fields": {"action_time": "2021-10-30T17:34:05.668Z", "user": 1, "content_type": 13, "object_id": "2", "object_repr": "basketball", "action_flag": 1, "change_message": "[{\"added\": {}}]"}}, {"model": "admin.logentry", "pk": 5, "fields": {"action_time": "2021-10-30T17:34:42.572Z", "user": 1, "content_type": 13, "object_id": "3", "object_repr": "air_jordans", "action_flag": 1, "change_message": "[{\"added\": {}}]"}}, {"model": "admin.logentry", "pk": 6, "fields": {"action_time": "2021-10-30T17:34:47.863Z", "user": 1, "content_type": 13, "object_id": "3", "object_repr": "air_jordans", "action_flag": 2, "change_message": "[]"}}, {"model": "admin.logentry", "pk": 7, "fields": {"action_time": "2021-10-30T17:37:57.400Z", "user": 1, "content_type": 13, "object_id": "4", "object_repr": "hoodies_jumpers", "action_flag": 1, "change_message": "[{\"added\": {}}]"}}, {"model": "admin.logentry", "pk": 8, "fields": {"action_time": "2021-10-30T17:38:12.976Z", "user": 1, "content_type": 13, "object_id": "5", "object_repr": "nba_jerseys", "action_flag": 1, "change_message": "[{\"added\": {}}]"}}, {"model": "admin.logentry", "pk": 9, "fields": {"action_time": "2021-10-30T17:38:31.697Z", "user": 1, "content_type": 13, "object_id": "6", "object_repr": "t_shirts", "action_flag": 1, "change_message": "[{\"added\": {}}]"}}, {"model": "admin.logentry", "pk": 10, "fields": {"action_time": "2021-10-30T17:38:39.015Z", "user": 1, "content_type": 13, "object_id": "7", "object_repr": "shorts", "action_flag": 1, "change_message": "[{\"added\": {}}]"}}, {"model": "admin.logentry", "pk": 11, "fields": {"action_time": "2021-10-30T17:38:45.856Z", "user": 1, "content_type": 13, "object_id": "8", "object_repr": "socks", "action_flag": 1, "change_message": "[{\"added\": {}}]"}}, {"model": "admin.logentry", "pk": 12, "fields": {"action_time": "2021-10-30T17:39:07.681Z", "user": 1, "content_type": 13, "object_id": "9", "object_repr": "bags_backpacks", "action_flag": 1, "change_message": "[{\"added\": {}}]"}}, {"model": "admin.logentry", "pk": 13, "fields": {"action_time": "2021-10-30T17:39:13.011Z", "user": 1, "content_type": 13, "object_id": "10", "object_repr": "balls", "action_flag": 1, "change_message": "[{\"added\": {}}]"}}, {"model": "admin.logentry", "pk": 14, "fields": {"action_time": "2021-10-30T17:39:33.138Z", "user": 1, "content_type": 13, "object_id": "11", "object_repr": "sleeves_armbands", "action_flag": 1, "change_message": "[{\"added\": {}}]"}}, {"model": "admin.logentry", "pk": 15, "fields": {"action_time": "2021-10-30T17:40:00.633Z", "user": 1, "content_type": 13, "object_id": "12", "object_repr": "new_arrivals", "action_flag": 1, "change_message": "[{\"added\": {}}]"}}, {"model": "admin.logentry", "pk": 16, "fields": {"action_time": "2021-10-30T17:40:10.210Z", "user": 1, "content_type": 13, "object_id": "13", "object_repr": "deals", "action_flag": 1, "change_message": "[{\"added\": {}}]"}}, {"model": "admin.logentry", "pk": 17, "fields": {"action_time": "2021-10-30T17:40:30.849Z", "user": 1, "content_type": 13, "object_id": "14", "object_repr": "clearance", "action_flag": 1, "change_message": "[{\"added\": {}}]"}}, {"model": "admin.logentry", "pk": 18, "fields": {"action_time": "2021-10-30T17:47:20.927Z", "user": 1, "content_type": 13, "object_id": "14", "object_repr": "clearance", "action_flag": 2, "change_message": "[]"}}, {"model": "admin.logentry", "pk": 19, "fields": {"action_time": "2021-10-30T18:13:37.740Z", "user": 1, "content_type": 14, "object_id": "1", "object_repr": "LeBron 18 Low", "action_flag": 1, "change_message": "[{\"added\": {}}]"}}, {"model": "admin.logentry", "pk": 20, "fields": {"action_time": "2021-10-31T01:09:19.762Z", "user": 1, "content_type": 14, "object_id": "1", "object_repr": "LeBron 18 Low", "action_flag": 2, "change_message": "[{\"changed\": {\"fields\": [\"Image\"]}}]"}}, {"model": "admin.logentry", "pk": 21, "fields": {"action_time": "2021-10-31T01:49:48.007Z", "user": 1, "content_type": 14, "object_id": "2", "object_repr": "Los Angeles Lakers Statement Edition 2020", "action_flag": 1, "change_message": "[{\"added\": {}}]"}}, {"model": "admin.logentry", "pk": 22, "fields": {"action_time": "2021-10-31T02:05:45.699Z", "user": 1, "content_type": 14, "object_id": "3", "object_repr": "Golden State Warriors Icon Edition", "action_flag": 1, "change_message": "[{\"added\": {}}]"}}, {"model": "admin.logentry", "pk": 23, "fields": {"action_time": "2021-10-31T02:11:47.153Z", "user": 1, "content_type": 14, "object_id": "3", "object_repr": "Golden State Warriors Icon Edition", "action_flag": 2, "change_message": "[{\"changed\": {\"fields\": [\"Sku\"]}}]"}}, {"model": "admin.logentry", "pk": 24, "fields": {"action_time": "2021-10-31T02:13:49.815Z", "user": 1, "content_type": 14, "object_id": "3", "object_repr": "Golden State Warriors Icon Edition", "action_flag": 2, "change_message": "[{\"changed\": {\"fields\": [\"Image\"]}}]"}}, {"model": "admin.logentry", "pk": 25, "fields": {"action_time": "2021-10-31T02:14:01.901Z", "user": 1, "content_type": 14, "object_id": "3", "object_repr": "Golden State Warriors Icon Edition", "action_flag": 2, "change_message": "[{\"changed\": {\"fields\": [\"Image\"]}}]"}}, {"model": "admin.logentry", "pk": 26, "fields": {"action_time": "2021-10-31T02:16:48.331Z", "user": 1, "content_type": 14, "object_id": "4", "object_repr": "Zion All-Court 8P", "action_flag": 1, "change_message": "[{\"added\": {}}]"}}, {"model": "admin.logentry", "pk": 27, "fields": {"action_time": "2021-10-31T02:18:17.199Z", "user": 1, "content_type": 14, "object_id": "5", "object_repr": "Jordan Shooter", "action_flag": 1, "change_message": "[{\"added\": {}}]"}}, {"model": "admin.logentry", "pk": 28, "fields": {"action_time": "2021-10-31T02:19:40.419Z", "user": 1, "content_type": 14, "object_id": "6", "object_repr": "Miami Heat Essential", "action_flag": 1, "change_message": "[{\"added\": {}}]"}}, {"model": "admin.logentry", "pk": 29, "fields": {"action_time": "2021-10-31T02:22:49.621Z", "user": 1, "content_type": 14, "object_id": "7", "object_repr": "Jordan Stay Loyal", "action_flag": 1, "change_message": "[{\"added\": {}}]"}}, {"model": "admin.logentry", "pk": 30, "fields": {"action_time": "2021-10-31T02:24:02.337Z", "user": 1, "content_type": 14, "object_id": "6", "object_repr": "Miami Heat Essential", "action_flag": 2, "change_message": "[{\"changed\": {\"fields\": [\"Sku\"]}}]"}}, {"model": "admin.logentry", "pk": 31, "fields": {"action_time": "2021-10-31T02:24:26.853Z", "user": 1, "content_type": 14, "object_id": "5", "object_repr": "Jordan Shooter", "action_flag": 2, "change_message": "[{\"changed\": {\"fields\": [\"Sku\"]}}]"}}, {"model": "admin.logentry", "pk": 32, "fields": {"action_time": "2021-10-31T02:26:25.725Z", "user": 1, "content_type": 14, "object_id": "8", "object_repr": "Elite Pro Basketball Backpack", "action_flag": 1, "change_message": "[{\"added\": {}}]"}}, {"model": "admin.logentry", "pk": 33, "fields": {"action_time": "2021-10-31T12:33:29.705Z", "user": 1, "content_type": 14, "object_id": "8", "object_repr": "Elite Pro Basketball Backpack", "action_flag": 2, "change_message": "[{\"changed\": {\"fields\": [\"Has sizes\"]}}]"}}, {"model": "admin.logentry", "pk": 34, "fields": {"action_time": "2021-10-31T12:33:40.264Z", "user": 1, "content_type": 14, "object_id": "4", "object_repr": "Zion All-Court 8P", "action_flag": 2, "change_message": "[{\"changed\": {\"fields\": [\"Has sizes\"]}}]"}}, {"model": "admin.logentry", "pk": 35, "fields": {"action_time": "2021-10-31T12:34:00.227Z", "user": 1, "content_type": 14, "object_id": "8", "object_repr": "Elite Pro Basketball Backpack", "action_flag": 2, "change_message": "[{\"changed\": {\"fields\": [\"Has sizes\"]}}]"}}, {"model": "admin.logentry", "pk": 36, "fields": {"action_time": "2021-10-31T12:35:20.978Z", "user": 1, "content_type": 14, "object_id": "4", "object_repr": "Zion All-Court 8P", "action_flag": 2, "change_message": "[{\"changed\": {\"fields\": [\"Has sizes\"]}}]"}}, {"model": "admin.logentry", "pk": 37, "fields": {"action_time": "2021-10-31T12:39:24.073Z", "user": 1, "content_type": 14, "object_id": "8", "object_repr": "Elite Pro Basketball Backpack", "action_flag": 2, "change_message": "[]"}}, {"model": "admin.logentry", "pk": 38, "fields": {"action_time": "2021-10-31T12:39:29.204Z", "user": 1, "content_type": 14, "object_id": "4", "object_repr": "Zion All-Court 8P", "action_flag": 2, "change_message": "[]"}}, {"model": "admin.logentry", "pk": 39, "fields": {"action_time": "2021-11-03T14:30:48.391Z", "user": 1, "content_type": 14, "object_id": "1", "object_repr": "LeBron 18 Low", "action_flag": 2, "change_message": "[{\"changed\": {\"fields\": [\"Has sizes\"]}}]"}}, {"model": "admin.logentry", "pk": 40, "fields": {"action_time": "2021-11-03T14:43:40.503Z", "user": 1, "content_type": 14, "object_id": "7", "object_repr": "Jordan Stay Loyal", "action_flag": 2, "change_message": "[{\"changed\": {\"fields\": [\"Has sizes\"]}}]"}}, {"model": "admin.logentry", "pk": 41, "fields": {"action_time": "2021-11-03T15:05:38.600Z", "user": 1, "content_type": 14, "object_id": "9", "object_repr": "Nike Blazer '77 Cozi By You", "action_flag": 1, "change_message": "[{\"added\": {}}]"}}, {"model": "admin.logentry", "pk": 42, "fields": {"action_time": "2021-11-03T15:06:40.883Z", "user": 1, "content_type": 14, "object_id": "9", "object_repr": "Nike Blazer '77 Cozi By You", "action_flag": 3, "change_message": ""}}, {"model": "admin.logentry", "pk": 43, "fields": {"action_time": "2021-11-03T15:10:03.271Z", "user": 1, "content_type": 14, "object_id": "10", "object_repr": "Nike Air Max Furyosa NRG", "action_flag": 1, "change_message": "[{\"added\": {}}]"}}, {"model": "admin.logentry", "pk": 44, "fields": {"action_time": "2021-11-04T16:14:28.998Z", "user": 1, "content_type": 15, "object_id": "2", "object_repr": "D9B1C8ABEF6D4D578F4D5AF3CA624A8A", "action_flag": 3, "change_message": ""}}, {"model": "admin.logentry", "pk": 45, "fields": {"action_time": "2021-11-04T16:14:29.018Z", "user": 1, "content_type": 15, "object_id": "1", "object_repr": "6D3CFAD332264FD2A9FE930E6ADF8C5C", "action_flag": 3, "change_message": ""}}, {"model": "admin.logentry", "pk": 46, "fields": {"action_time": "2021-11-04T22:46:51.370Z", "user": 1, "content_type": 4, "object_id": "2", "object_repr": "testytest", "action_flag": 3, "change_message": ""}}, {"model": "admin.logentry", "pk": 47, "fields": {"action_time": "2021-11-05T00:42:12.631Z", "user": 1, "content_type": 8, "object_id": "4", "object_repr": "hello@example.com", "action_flag": 3, "change_message": ""}}, {"model": "admin.logentry", "pk": 48, "fields": {"action_time": "2021-11-05T00:42:16.154Z", "user": 1, "content_type": 8, "object_id": "3", "object_repr": "hoddie@gmail.com", "action_flag": 3, "change_message": ""}}, {"model": "admin.logentry", "pk": 49, "fields": {"action_time": "2021-11-18T13:09:06.439Z", "user": 1, "content_type": 14, "object_id": "13", "object_repr": "test", "action_flag": 3, "change_message": ""}}, {"model": "admin.logentry", "pk": 50, "fields": {"action_time": "2021-11-18T13:09:06.481Z", "user": 1, "content_type": 14, "object_id": "12", "object_repr": "test", "action_flag": 3, "change_message": ""}}, {"model": "admin.logentry", "pk": 51, "fields": {"action_time": "2021-11-18T13:09:06.512Z", "user": 1, "content_type": 14, "object_id": "11", "object_repr": "test", "action_flag": 3, "change_message": ""}}, {"model": "admin.logentry", "pk": 52, "fields": {"action_time": "2021-11-19T12:59:21.423Z", "user": 1, "content_type": 18, "object_id": "1", "object_repr": "paugasol", "action_flag": 1, "change_message": "[{\"added\": {}}]"}}, {"model": "admin.logentry", "pk": 53, "fields": {"action_time": "2021-11-19T13:00:09.990Z", "user": 1, "content_type": 18, "object_id": "2", "object_repr": "paugasol", "action_flag": 1, "change_message": "[{\"added\": {}}]"}}, {"model": "admin.logentry", "pk": 54, "fields": {"action_time": "2021-11-19T13:00:22.492Z", "user": 1, "content_type": 18, "object_id": "2", "object_repr": "paugasol", "action_flag": 3, "change_message": ""}}, {"model": "admin.logentry", "pk": 55, "fields": {"action_time": "2021-11-19T17:29:50.621Z", "user": 1, "content_type": 18, "object_id": "11", "object_repr": "paugasol", "action_flag": 3, "change_message": ""}}, {"model": "admin.logentry", "pk": 56, "fields": {"action_time": "2021-11-19T17:29:50.674Z", "user": 1, "content_type": 18, "object_id": "10", "object_repr": "paugasol", "action_flag": 3, "change_message": ""}}, {"model": "admin.logentry", "pk": 57, "fields": {"action_time": "2021-11-19T17:29:50.707Z", "user": 1, "content_type": 18, "object_id": "9", "object_repr": "paugasol", "action_flag": 3, "change_message": ""}}, {"model": "admin.logentry", "pk": 58, "fields": {"action_time": "2021-11-19T17:29:50.736Z", "user": 1, "content_type": 18, "object_id": "8", "object_repr": "paugasol", "action_flag": 3, "change_message": ""}}, {"model": "admin.logentry", "pk": 59, "fields": {"action_time": "2021-11-19T17:29:50.762Z", "user": 1, "content_type": 18, "object_id": "7", "object_repr": "paugasol", "action_flag": 3, "change_message": ""}}, {"model": "admin.logentry", "pk": 60, "fields": {"action_time": "2021-11-19T17:29:50.787Z", "user": 1, "content_type": 18, "object_id": "6", "object_repr": "paugasol", "action_flag": 3, "change_message": ""}}, {"model": "admin.logentry", "pk": 61, "fields": {"action_time": "2021-11-25T12:12:37.226Z", "user": 1, "content_type": 19, "object_id": "1", "object_repr": "Our First Blog Post", "action_flag": 1, "change_message": "[{\"added\": {}}]"}}, {"model": "admin.logentry", "pk": 62, "fields": {"action_time": "2021-11-26T14:49:32.652Z", "user": 1, "content_type": 19, "object_id": "2", "object_repr": "Girls In Sports", "action_flag": 1, "change_message": "[{\"added\": {}}]"}}, {"model": "admin.logentry", "pk": 63, "fields": {"action_time": "2021-11-26T14:50:01.434Z", "user": 1, "content_type": 19, "object_id": "3", "object_repr": "Friday", "action_flag": 1, "change_message": "[{\"added\": {}}]"}}, {"model": "admin.logentry", "pk": 64, "fields": {"action_time": "2021-11-30T12:44:03.627Z", "user": 1, "content_type": 19, "object_id": "4", "object_repr": "blahhhh", "action_flag": 3, "change_message": ""}}, {"model": "admin.logentry", "pk": 65, "fields": {"action_time": "2021-11-30T14:28:09.964Z", "user": 1, "content_type": 19, "object_id": "5", "object_repr": "test", "action_flag": 2, "change_message": "[{\"changed\": {\"fields\": [\"Title\", \"Slug\"]}}]"}}, {"model": "auth.user", "pk": 1, "fields": {"password": "pbkdf2_sha256$260000$xMagvyhNyFihSGarPeYzSy$URGiLp5OTFCnIFgg+xqip4fX76dMjat5+gaUURjCA3E=", "last_login": "2021-12-06T18:58:46.142Z", "is_superuser": true, "username": "paugasol", "first_name": "", "last_name": "", "email": "paugasol@someemail.com", "is_staff": true, "is_active": true, "date_joined": "2021-10-26T15:04:26.756Z", "groups": [], "user_permissions": []}}, {"model": "auth.user", "pk": 3, "fields": {"password": "pbkdf2_sha256$260000$JlGGCviqTSbTgWYzv8Noco$iaYrZOUPqMeNqTmp/a7kmxCstNUSoVY66oEd87ao0AM=", "last_login": null, "is_superuser": false, "username": "lakers45", "first_name": "", "last_name": "", "email": "hoddie@gmail.com", "is_staff": false, "is_active": true, "date_joined": "2021-11-04T22:23:23.161Z", "groups": [], "user_permissions": []}}, {"model": "auth.user", "pk": 4, "fields": {"password": "pbkdf2_sha256$260000$XnWyo4mOJfbakPJy00QAp0$vMivuZ8xJdj1G1vEWsNRVv62OFQUX6RgyhlQ2gHMR94=", "last_login": null, "is_superuser": false, "username": "example10", "first_name": "", "last_name": "", "email": "hello@example.com", "is_staff": false, "is_active": true, "date_joined": "2021-11-04T22:54:52.034Z", "groups": [], "user_permissions": []}}, {"model": "auth.user", "pk": 5, "fields": {"password": "pbkdf2_sha256$260000$oh1xJYd5x6UCmlD7SrWKgN$xw6c6FC/M+8nx5SGKbKHSBSjxu0u0u9ifcxapFVONag=", "last_login": null, "is_superuser": false, "username": "cocacol", "first_name": "", "last_name": "", "email": "cocacola@test.com", "is_staff": false, "is_active": true, "date_joined": "2021-11-05T00:40:17.942Z", "groups": [], "user_permissions": []}}, {"model": "sessions.session", "pk": "3y0nfhvdgluytyf4heqg2sbqz3iohaqy", "fields": {"session_data": ".eJxVjEEOwiAQRe_C2pABIYBL956BzAwTqRpISrtqvLs26UK3_733N5VxXWpeh8x5KuqijDr9boT8lLaD8sB275p7W-aJ9K7ogw5960Ve18P9O6g46reGWApH441l4zFZzxboTIECJIg-iPgElFwh5oCWCJJx1nEUARRx6v0B1DU37Q:1mpBzO:XgHwruthtnDI7QzErhxPMvnv-THXZnhBbDKW7Y9lk4A", "expire_date": "2021-12-06T16:16:18.267Z"}}, {"model": "sessions.session", "pk": "49d87mp7gzzibsyg9runmk6d018btstw", "fields": {"session_data": ".eJxVjEEOwiAQRe_C2pABIYBL956BzAwTqRpISrtqvLs26UK3_733N5VxXWpeh8x5KuqijDr9boT8lLaD8sB275p7W-aJ9K7ogw5960Ve18P9O6g46reGWApH441l4zFZzxboTIECJIg-iPgElFwh5oCWCJJx1nEUARRx6v0B1DU37Q:1muJCI:hcJrIEDD4_VIEQFUIyrWTtpuVB-6PUKCgnGxL15YZDw", "expire_date": "2021-12-20T18:58:46.150Z"}}, {"model": "sessions.session", "pk": "8sdhdxary7wmzynq39hxvkfki2f6up2x", "fields": {"session_data": ".eJxVjEEOwiAQRe_C2pABIUCX7j0DYYaJRQ2Y0iY1xrtrky50-9_77yViWuYxLp2nWLIYhBKH3w0T3bhuIF9TvTRJrc5TQbkpcqddnlvm-2l3_wJj6uP3DT5n8soqTcqmoC1pwCM6dBDAW8dsA2AwGYlc0ogQlNGGPDMkZrNFO_deWo28Psr0FAO8P30PPyo:1ms8gx:TMacNF6gJtM0kjUrj3DdF99ofsXH5B2_HgqrafS8dPY", "expire_date": "2021-12-14T19:21:27.334Z"}}, {"model": "sessions.session", "pk": "elm4d5sttczy7oo8qmk1gangvy73r0n8", "fields": {"session_data": ".eJxVjEEOwiAQRe_C2pABIUCX7j0DYYaJRQ2Y0iY1xrtrky50-9_77yViWuYxLp2nWLIYhBKH3w0T3bhuIF9TvTRJrc5TQbkpcqddnlvm-2l3_wJj6uP3DT5n8soqTcqmoC1pwCM6dBDAW8dsA2AwGYlc0ogQlNGGPDMkZrNFO_deWo28Psr0FAO8P30PPyo:1msqrp:fMIer1vjCXRgvLohIujSEWxNngR74vQkpyUxMGb9--E", "expire_date": "2021-12-16T18:31:37.105Z"}}, {"model": "sessions.session", "pk": "h05ns2wphu56f3bsse7pn5520s90l029", "fields": {"session_data": "eyJfbWVzc2FnZXMiOiJbW1wiX19qc29uX21lc3NhZ2VcIiwgMCwgMjUsIFwiWW91IGhhdmUgc2lnbmVkIG91dC5cIl1dIn0:1milcN:-rKpGuDJ7_fLK3YGC_lptq_9I7aLDt-AbACUrumCcSM", "expire_date": "2021-11-18T22:53:59.381Z"}}, {"model": "sessions.session", "pk": "kitgrqkufafo4ygwzzts67jfvrsn8mg3", "fields": {"session_data": ".eJxVjEEOwiAQRe_C2pABIUCX7j0DYYaJRQ2Y0iY1xrtrky50-9_77yViWuYxLp2nWLIYhBKH3w0T3bhuIF9TvTRJrc5TQbkpcqddnlvm-2l3_wJj6uP3DT5n8soqTcqmoC1pwCM6dBDAW8dsA2AwGYlc0ogQlNGGPDMkZrNFO_deWo28Psr0FAO8P30PPyo:1ms2UN:saYZoFI-p0yst2pG4wcHPaTFOaiM-98WHMCJBEcaST4", "expire_date": "2021-12-14T12:44:03.795Z"}}, {"model": "sessions.session", "pk": "lv7v7ps484d7g8pivpbih78d177jknxr", "fields": {"session_data": ".eJxtj80KgzAQhN9lzyKb1KDJsfc-Q8gmi6Y_WoxCrfjuNeChhc5hD_PNDOwK1s1TZ-fEo40BDAgovj1y_sZ9BuHq-nYo_dBPY6QyR8qDpvIyBL6fj-zPQOdSt7exCcE3QgnphXJaKi-RTlRTjRobVTMrjaSrQN7XThKhFpWsfMOMjrnKo4lTikNv-fWM4wIGCyDXgllB5hMnfiRLi03xzdl4gBHbVuwv_aMCwcht1wd2qVV2:1miI7w:AvrcusJMvai3YSLx-C76u6Xf9x7DZu5PG_dLrNFrTEc", "expire_date": "2021-11-17T15:24:36.968Z"}}, {"model": "sessions.session", "pk": "ojdcj02zzz19fbmgzlorl2zesqzxu76l", "fields": {"session_data": ".eJxVTssOgyAQ_BfOxiwUInjsvd9AWNhU-pDG1aTW9N-rjYd2DnOYV2YRPkxj5yemweckWiFF9athiFfqNyNdQn8udSz9OGSst0i9u1yfSqLbcc_-DXSBu7UNNqVopZEqShOcMlEBHrDBBhxY0xAZB-h0whiboBDBSa10tEQQiPQ2ysScS-_p-cjDLFqoBIazaJf19Ep5pDt7nD3nF31VEK18r_gABjBLmQ:1mixvx:oKfKgJvNOptM8XGHu3hx2DgvzGDquhT1RgtVRSIcA1U", "expire_date": "2021-11-19T12:03:01.128Z"}}, {"model": "sessions.session", "pk": "pr8lt2zi1uvcj7r892tfl5c4h55btbkf", "fields": {"session_data": ".eJxVjjsOgzAQRO-yNbJsY8ufMn3OYO2uV0ASgcSnQtw9IFEk7byZp9mh4Lb2ZVtkLkOFDAaa34yQ3zJeoL5w7CbF07jOA6mrom66qOdU5fO4u3-CHpf-XOtYK0fjjWXjMVnPVlNLgYJOOvog4pOm5CoxB7REOhlnHUcRjSLulBJ2kPfzYG4bcJBtAxGyOY4vzN49vg:1mhA4n:1-VJz3snwphmGANSWpV0cv5KQPvqIFLFhvmAvDC7TZQ", "expire_date": "2021-11-14T12:36:41.931Z"}}, {"model": "sessions.session", "pk": "zbud25lsuj0zawstk31f0fsckku28qui", "fields": {"session_data": "e30:1mikyI:stmvi6CII9M0VSylBKzOqteu2HPP-917CeIV2EsY83s", "expire_date": "2021-11-18T22:12:34.168Z"}}, {"model": "sites.site", "pk": 1, "fields": {"domain": "hoopdreams.example.com", "name": "Hoop Dreams"}}, {"model": "account.emailaddress", "pk": 1, "fields": {"user": 1, "email": "paugasol@someemail.com", "verified": true, "primary": true}}, {"model": "account.emailaddress", "pk": 5, "fields": {"user": 5, "email": "cocacola@test.com", "verified": true, "primary": true}}, {"model": "products.category", "pk": 1, "fields": {"name": "casual", "friendly_name": "Casual"}}, {"model": "products.category", "pk": 2, "fields": {"name": "basketball", "friendly_name": "Basketball"}}, {"model": "products.category", "pk": 3, "fields": {"name": "air_jordans", "friendly_name": "Air Jordans"}}, {"model": "products.category", "pk": 4, "fields": {"name": "hoodies_jumpers", "friendly_name": "Hoodies & Jumpers"}}, {"model": "products.category", "pk": 5, "fields": {"name": "nba_jerseys", "friendly_name": "NBA Jerseys"}}, {"model": "products.category", "pk": 6, "fields": {"name": "t_shirts", "friendly_name": "T-Shirts"}}, {"model": "products.category", "pk": 7, "fields": {"name": "shorts", "friendly_name": "Shorts"}}, {"model": "products.category", "pk": 8, "fields": {"name": "socks", "friendly_name": "Socks"}}, {"model": "products.category", "pk": 9, "fields": {"name": "bags_backpacks", "friendly_name": "Bags & Backpacks"}}, {"model": "products.category", "pk": 10, "fields": {"name": "balls", "friendly_name": "Balls"}}, {"model": "products.category", "pk": 11, "fields": {"name": "sleeves_armbands", "friendly_name": "Sleeves & Armbands"}}, {"model": "products.category", "pk": 12, "fields": {"name": "new_arrivals", "friendly_name": "New Arrivals"}}, {"model": "products.category", "pk": 13, "fields": {"name": "deals", "friendly_name": "Deals"}}, {"model": "products.category", "pk": 14, "fields": {"name": "clearance", "friendly_name": "Clearance"}}, {"model": "products.product", "pk": 1, "fields": {"category": 2, "sku": "Sho/Le-WhUKSt", "name": "LeBron 18 Low", "description": "LeBron's high-performance engine needs a light yet strong frame to help harness and direct his force. The LeBron 18 Low brings back the 17's cushioning system to provide an optimal balance of comfort, impact cushioning and responsiveness. The upper combines a mix of lightweight materials, no-sew overlays and a structured heel to provide full-foot containment without sacrificing ankle mobility.", "has_sizes": true, "price": "139.99", "rating": "4.50", "image_url": "https://static.nike.com/a/images/t_PDP_864_v1/f_auto,b_rgb:f5f5f5/9a05e0dc-b250-41aa-81b1-a47b9030d9c1/lebron-18-low-basketball-shoe-gjbhB8.png", "image": "lebron-18-low-basketball-shoe-gjbhB8.jpg"}}, {"model": "products.product", "pk": 2, "fields": {"category": 5, "sku": "jer/Lo-FiXLSt", "name": "Los Angeles Lakers Statement Edition 2020", "description": "Bold alternate colours and the Jumpman design distinguish the Statement Edition.It's a jersey that symbolises the collective strength, spirit and competitive mindset of the team.The Jordan NBA Statement Edition Swingman Jersey of the Los Angeles Lakers is inspired by what the pros wear.It's made from premium double-knit fabric with an easy, relaxed fit that looks great on fans.This product is made from 100% recycled polyester fabric.", "has_sizes": true, "price": "89.99", "rating": "4.20", "image_url": "https://static.nike.com/a/images/t_PDP_1728_v1/f_auto,b_rgb:f5f5f5/d5de8897-3235-4f82-9e54-6205bb036e4e/los-angeles-lakers-statement-edition-2020-jordan-nba-swingman-jersey-6K60f3.png", "image": "los-angeles-lakers-statement-edition-2020-jordan-nba-swingman-jersey-6K60f3.jpg"}}, {"model": "products.product", "pk": 3, "fields": {"category": 7, "sku": "Sho/Go-FiRuSt", "name": "Golden State Warriors Icon Edition", "description": "Inspired by the authentic NBA shorts, the Golden State Warriors Icon Edition Nike NBA Swingman Shorts feature sweat-wicking fabric and design details that match your team's on-court look.Side pockets stash essential items for easy storage.This product is made from 100% recycled polyester fibres.", "has_sizes": true, "price": "64.99", "rating": "3.90", "image_url": "https://static.nike.com/a/images/t_PDP_1728_v1/f_auto,b_rgb:f5f5f5/fatno6ey4gkepoaj25qq/golden-state-warriors-icon-edition-nba-swingman-shorts-5kGVPv.png", "image": "warriors-statement-edition-2020-jordan-nba-swingman-shorts-PRzJLG.jpg"}}, {"model": "products.product", "pk": 4, "fields": {"category": 10, "sku": "Bal/Zi-AsUnSt", "name": "Zion All-Court 8P", "description": "The Zion All-Court 8P Basketball features a competition-level composition that's got a soft touch with consistent grip.A durable exterior with deep channels is ready for play on any court in any weather.", "has_sizes": false, "price": "49.99", "rating": "4.90", "image_url": "https://static.nike.com/a/images/t_PDP_1728_v1/f_auto,b_rgb:f5f5f5/aebd8376-0e25-46d3-99a0-d25b1945fb15/zion-all-court-8p-basketball-03zz86.png", "image": "zion-all-court-8p-basketball-03zz86.jpg"}}, {"model": "products.product", "pk": 5, "fields": {"category": 11, "sku": "Acc/LYUIhMN", "name": "Jordan Shooter", "description": "The Jordan Shooter Basketball Sleeves are made with sweat-wicking fabric and a compression fit to help keep you dry and primed for performance.", "has_sizes": true, "price": "34.99", "rating": "3.40", "image_url": "https://static.nike.com/a/images/t_PDP_1728_v1/f_auto,b_rgb:f5f5f5/q0crfjmmndz16co7f5p0/jordan-shooter-basketball-sleeves-RNN0Fx.png", "image": "jordan-shooter-basketball-sleeves-RNN0Fx.jpg"}}, {"model": "products.product", "pk": 6, "fields": {"category": 4, "sku": "Ho/G2-FiDDI", "name": "Miami Heat Essential", "description": "Every diehard fan's got to have the Miami Heat Essential Hoodie.Made from softly brushed fleece, it's done in bold colours with a large graphic that puts your team pride front and centre.", "has_sizes": true, "price": "59.99", "rating": "4.00", "image_url": "https://static.nike.com/a/images/t_PDP_1728_v1/f_auto,b_rgb:f5f5f5/b3432902-4535-4807-9784-f9da18a22985/miami-heat-essential-nba-fleece-pullover-hoodie-p38kBk.png", "image": "miami-heat-essential-nba-fleece-pullover-hoodie-p38kBk.jpg"}}, {"model": "products.product", "pk": 7, "fields": {"category": 3, "sku": "Sho/J0-bl12St", "name": "Jordan Stay Loyal", "description": "Straight from our past and into the future.The Jordan Stay Loyal takes cues from the classic Air Jordan 12 to create a shoe that's fresh yet familiar.Inspired by the 12's durability, it features burly leather overlays and rubber herringbone traction that wraps up the toe, sides and heel.", "has_sizes": true, "price": "109.99", "rating": "5.00", "image_url": "https://static.nike.com/a/images/t_PDP_864_v1/f_auto,b_rgb:f5f5f5/5f665e9b-5b4e-4e74-8fe9-51b5320835ae/jordan-stay-loyal-shoes-jDJnlP.png", "image": "jordan-stay-loyal-shoes-jDJnlP.jpg"}}, {"model": "products.product", "pk": 8, "fields": {"category": 9, "sku": "Bag/TY-AKJLRE", "name": "Elite Pro Basketball Backpack", "description": "For basketball players, Elite means the best—exactly what you get with the Nike Elite Pro Backpack.It features a duffel-like opening that lets you access the contents when you lay it flat.Dedicated compartments for essential items and more help keep your gear organised to and from training or games.", "has_sizes": false, "price": "75.00", "rating": "4.80", "image_url": "https://static.nike.com/a/images/t_PDP_864_v1/f_auto,b_rgb:f5f5f5/2a58a311-26c8-40fd-ac02-a71245555e2e/elite-pro-basketball-backpack-XjnhJM.png", "image": "elite-pro-basketball-backpack-XjnhJM.jpg"}}, {"model": "products.product", "pk": 10, "fields": {"category": 1, "sku": "Sho/RW-KGDyUy", "name": "Nike Air Max Furyosa NRG", "description": "With an edgy look inspired by the fast-paced running shoes of the '90s, the Nike Air Max Furyosa NRG brings a powerful new voice to your sneaker rotation.Stacked Air in the heel is offset, delivering a bold statement in cushioning.Heel pillow details, a plush collar, and ultra-padded tongue help you feel like you've just stepped into your favourite pair of slippers.", "has_sizes": true, "price": "159.99", "rating": "4.70", "image_url": "https://static.nike.com/a/images/t_PDP_864_v1/f_auto,b_rgb:f5f5f5/a6f94c0e-f2d5-4ad7-a733-14533564bab7/air-max-furyosa-nrg-shoe-209sCc.png", "image": "air-max-furyosa-nrg-shoe-209sCc.jpg"}}, {"model": "products.review", "pk": 1, "fields": {"product": 5, "user": 1, "comment": "my favourite shooting sleeve"}}, {"model": "products.review", "pk": 3, "fields": {"product": 5, "user": 1, "comment": "great product"}}, {"model": "products.review", "pk": 5, "fields": {"product": 2, "user": 1, "comment": "great one"}}, {"model": "checkout.order", "pk": 3, "fields": {"order_number": "8A017F81F158416288DD0AE47AAC4FEB", "user_profile": null, "full_name": "test", "email": "test@test.com", "phone_number": "1234567890", "country": "US", "postcode": "hhhhhhhhhh", "town_or_city": "hhhhhhhhh", "street_address1": "hhhhhhhhh", "street_address2": "hhhhhhhhhh", "county": null, "date": "2021-11-04T16:49:46.175Z", "delivery_cost": "5.00", "order_total": "49.99", "grand_total": "54.99", "original_bag": "", "stripe_pid": ""}}, {"model": "checkout.order", "pk": 4, "fields": {"order_number": "3B28B3B9C12C495CA14293FA366F5A69", "user_profile": null, "full_name": "test", "email": "test@test.com", "phone_number": "gfgffff", "country": "US", "postcode": "ffffffffff", "town_or_city": "dddddddd", "street_address1": "ddddddddddddd", "street_address2": null, "county": null, "date": "2021-11-04T17:11:33.690Z", "delivery_cost": "0.00", "order_total": "224.98", "grand_total": "224.98", "original_bag": "", "stripe_pid": ""}}, {"model": "checkout.order", "pk": 5, "fields": {"order_number": "FD469FBFD04F480AA5CBCAB9BC2C8D60", "user_profile": null, "full_name": "test", "email": "test@test.com", "phone_number": "1234567890", "country": "US", "postcode": "12345", "town_or_city": "gggggg", "street_address1": "gggg", "street_address2": null, "county": null, "date": "2021-11-04T18:20:13.976Z", "delivery_cost": "0.00", "order_total": "89.99", "grand_total": "89.99", "original_bag": "", "stripe_pid": ""}}, {"model": "checkout.order", "pk": 6, "fields": {"order_number": "4999AA9F6FC84A93A46C4E9CD56A1DEC", "user_profile": null, "full_name": "test", "email": "test@test.com", "phone_number": "1234567890", "country": "US", "postcode": "12345", "town_or_city": "ffffff", "street_address1": "fffffffff", "street_address2": null, "county": null, "date": "2021-11-04T19:06:14.292Z", "delivery_cost": "0.00", "order_total": "159.99", "grand_total": "159.99", "original_bag": "", "stripe_pid": ""}}, {"model": "checkout.order", "pk": 7, "fields": {"order_number": "DA72C6DE8B45479D96EE566ADA5BF3AB", "user_profile": null, "full_name": "test", "email": "test@test.com", "phone_number": "1234567890", "country": "US", "postcode": "V31 R981", "town_or_city": "ddddd", "street_address1": "dddddddd", "street_address2": null, "county": "Kerry", "date": "2021-11-04T19:10:08.867Z", "delivery_cost": "0.00", "order_total": "89.99", "grand_total": "89.99", "original_bag": "", "stripe_pid": ""}}, {"model": "checkout.order", "pk": 8, "fields": {"order_number": "B778C7B2033A4220950530C32CAF54BD", "user_profile": null, "full_name": "test", "email": "test@test.com", "phone_number": "1234567", "country": "US", "postcode": "12345", "town_or_city": "test", "street_address1": "test", "street_address2": null, "county": null, "date": "2021-11-04T19:14:24.479Z", "delivery_cost": "0.00", "order_total": "89.99", "grand_total": "89.99", "original_bag": "", "stripe_pid": ""}}, {"model": "checkout.order", "pk": 9, "fields": {"order_number": "34A25E892D494A759CE3803D00B8DF54", "user_profile": null, "full_name": "test", "email": "test@test.com", "phone_number": "1234567", "country": "US", "postcode": "12345", "town_or_city": "test", "street_address1": "test", "street_address2": null, "county": null, "date": "2021-11-04T19:14:29.969Z", "delivery_cost": "0.00", "order_total": "89.99", "grand_total": "89.99", "original_bag": "{\"2\": {\"items_by_size\": {\"m\": 1}}}", "stripe_pid": "pi_3JsBNbKM0MimvIJW0pDzjGBn"}}, {"model": "checkout.order", "pk": 10, "fields": {"order_number": "F6F92AA4306D4725803935F05037B36A", "user_profile": null, "full_name": "test", "email": "test@test.com", "phone_number": "1234567890", "country": "US", "postcode": "us", "town_or_city": "ffffff", "street_address1": "ffffff", "street_address2": null, "county": null, "date": "2021-11-04T19:16:58.698Z", "delivery_cost": "0.00", "order_total": "139.96", "grand_total": "139.96", "original_bag": "{\"5\": {\"items_by_size\": {\"m\": 4}}}", "stripe_pid": "pi_3JsBQ3KM0MimvIJW00sfWZ8e"}}, {"model": "checkout.order", "pk": 11, "fields": {"order_number": "5449D79875B64272984B1E0CC8B18B70", "user_profile": null, "full_name": "test", "email": "test@test.com", "phone_number": "1234567890", "country": "US", "postcode": "1234", "town_or_city": "fffffff", "street_address1": "fffffff", "street_address2": null, "county": null, "date": "2021-11-04T19:17:44.247Z", "delivery_cost": "3.50", "order_total": "34.99", "grand_total": "38.49", "original_bag": "{\"5\": {\"items_by_size\": {\"m\": 1}}}", "stripe_pid": "pi_3JsBQyKM0MimvIJW0VmwkHVK"}}, {"model": "checkout.order", "pk": 12, "fields": {"order_number": "76DACEC74A414FD58748B5B041B58A3A", "user_profile": null, "full_name": "test", "email": "test@test.com", "phone_number": "1234567890", "country": "US", "postcode": "fffff", "town_or_city": "fffff", "street_address1": "fffffffff", "street_address2": null, "county": null, "date": "2021-11-04T19:18:47.764Z", "delivery_cost": "0.00", "order_total": "159.99", "grand_total": "159.99", "original_bag": "{\"1\": {\"items_by_size\": {\"10\": 1}}}", "stripe_pid": "pi_3JsBRyKM0MimvIJW0fHXf6bs"}}, {"model": "checkout.order", "pk": 13, "fields": {"order_number": "65DC9F88CA3846AA97651DD2702A61E0", "user_profile": null, "full_name": "test", "email": "test@test.com", "phone_number": "1234567890", "country": "US", "postcode": "4444", "town_or_city": "test", "street_address1": "test", "street_address2": null, "county": null, "date": "2021-11-04T19:27:41.481Z", "delivery_cost": "3.50", "order_total": "34.99", "grand_total": "38.49", "original_bag": "{\"5\": {\"items_by_size\": {\"m\": 1}}}", "stripe_pid": "pi_3JsBaYKM0MimvIJW1XHHnoXc"}}, {"model": "checkout.order", "pk": 14, "fields": {"order_number": "3B30DD7967B2406D90773288CF60954A", "user_profile": null, "full_name": "test", "email": "test@test.com", "phone_number": "1234567890", "country": "US", "postcode": "V31 R981", "town_or_city": "ddddd", "street_address1": "dddddddd", "street_address2": null, "county": "Kerry", "date": "2021-11-04T22:09:09.339Z", "delivery_cost": "0.00", "order_total": "89.99", "grand_total": "89.99", "original_bag": "{\"2\": {\"items_by_size\": {\"m\": 1}}}", "stripe_pid": "pi_3JsBJXKM0MimvIJW07fhGgHZ"}}, {"model": "checkout.order", "pk": 15, "fields": {"order_number": "8DD5FFC4D7F542D4B5DB950853A6D063", "user_profile": 1, "full_name": "test", "email": "test@test.com", "phone_number": "1234567890", "country": "AW", "postcode": null, "town_or_city": "tralee", "street_address1": "test", "street_address2": null, "county": "kerry", "date": "2021-11-08T13:38:18.264Z", "delivery_cost": "0.00", "order_total": "194.98", "grand_total": "194.98", "original_bag": "{\"5\": {\"items_by_size\": {\"m\": 1}}, \"1\": {\"items_by_size\": {\"10\": 1}}}", "stripe_pid": "pi_3JtY2SKM0MimvIJW1WXdHivm"}}, {"model": "checkout.order", "pk": 16, "fields": {"order_number": "BE6B676DD34B460986824428240C5399", "user_profile": 1, "full_name": "test user", "email": "paugasol@someemail.com", "phone_number": "1234567890", "country": "AW", "postcode": null, "town_or_city": "tralee", "street_address1": "test", "street_address2": null, "county": "kerry", "date": "2021-11-16T15:17:16.317Z", "delivery_cost": "0.00", "order_total": "89.99", "grand_total": "89.99", "original_bag": "{\"2\": {\"items_by_size\": {\"m\": 1}}}", "stripe_pid": "pi_3JwTP3KM0MimvIJW1MGmG8Xa"}}, {"model": "checkout.order", "pk": 17, "fields": {"order_number": "19C6EA6BCCFA48629FD9E8C16D354406", "user_profile": 1, "full_name": "test user", "email": "paugasol@someemail.com", "phone_number": "1234567890", "country": "AM", "postcode": null, "town_or_city": "tralee", "street_address1": "test", "street_address2": null, "county": "kerry", "date": "2021-11-16T15:27:27.928Z", "delivery_cost": "0.00", "order_total": "159.99", "grand_total": "159.99", "original_bag": "{\"1\": {\"items_by_size\": {\"10\": 1}}}", "stripe_pid": "pi_3JwTYsKM0MimvIJW0Boi2Gn0"}}, {"model": "checkout.order", "pk": 18, "fields": {"order_number": "AB19AD60D68A4A678E18A376A30A33E0", "user_profile": 1, "full_name": "test user", "email": "paugasol@someemail.com", "phone_number": "1234567890", "country": "AW", "postcode": null, "town_or_city": "tralee", "street_address1": "test", "street_address2": null, "county": "kerry", "date": "2021-11-16T15:35:24.317Z", "delivery_cost": "5.00", "order_total": "49.99", "grand_total": "54.99", "original_bag": "{\"4\": 1}", "stripe_pid": "pi_3JwTgSKM0MimvIJW0jjwQNnv"}}, {"model": "checkout.order", "pk": 19, "fields": {"order_number": "8C7E145FE3C44C4FB01F89FB47B25342", "user_profile": 1, "full_name": "test user", "email": "paugasol@someemail.com", "phone_number": "1234567890", "country": "AW", "postcode": null, "town_or_city": "tralee", "street_address1": "test", "street_address2": null, "county": "kerry", "date": "2021-11-17T10:58:39.921Z", "delivery_cost": "0.00", "order_total": "159.99", "grand_total": "159.99", "original_bag": "{\"1\": {\"items_by_size\": {\"10\": 1}}}", "stripe_pid": "pi_3JwlqKKM0MimvIJW19Ya8XmN"}}, {"model": "checkout.order", "pk": 20, "fields": {"order_number": "65B6DD9E8742470C9E385212C08BB44F", "user_profile": 1, "full_name": "test useer", "email": "paugasol@someemail.com", "phone_number": "1234567890", "country": "AW", "postcode": null, "town_or_city": "tralee", "street_address1": "test", "street_address2": null, "county": "kerry", "date": "2021-11-17T11:02:45.990Z", "delivery_cost": "0.00", "order_total": "64.99", "grand_total": "64.99", "original_bag": "{\"3\": {\"items_by_size\": {\"m\": 1}}}", "stripe_pid": "pi_3JwluHKM0MimvIJW0XhVldFR"}}, {"model": "checkout.order", "pk": 21, "fields": {"order_number": "DF3770D0F4004181A593428E75E18E5E", "user_profile": 1, "full_name": "test user", "email": "paugasol@someemail.com", "phone_number": "1234567890", "country": "AW", "postcode": null, "town_or_city": "tralee", "street_address1": "test", "street_address2": null, "county": "kerry", "date": "2021-11-17T11:18:08.497Z", "delivery_cost": "0.00", "order_total": "159.99", "grand_total": "159.99", "original_bag": "{\"1\": {\"items_by_size\": {\"10\": 1}}}", "stripe_pid": "pi_3Jwm9BKM0MimvIJW1BxDXbHq"}}, {"model": "checkout.order", "pk": 22, "fields": {"order_number": "9063FF0E8F5A4BC7AADECD26A9534832", "user_profile": 1, "full_name": "test user", "email": "paugasol@someemail.com", "phone_number": "1234567890", "country": "AT", "postcode": null, "town_or_city": "tralee", "street_address1": "test", "street_address2": null, "county": "kerry", "date": "2021-11-17T11:23:34.718Z", "delivery_cost": "3.50", "order_total": "34.99", "grand_total": "38.49", "original_bag": "{\"5\": {\"items_by_size\": {\"m\": 1}}}", "stripe_pid": "pi_3JwmERKM0MimvIJW00ZEBMRA"}}, {"model": "checkout.order", "pk": 23, "fields": {"order_number": "C39D424E1BE94D2CBC2632BE612AD269", "user_profile": 1, "full_name": "test user", "email": "paugasol@someemail.com", "phone_number": "1234567890", "country": "BS", "postcode": null, "town_or_city": "tralee", "street_address1": "test", "street_address2": null, "county": "kerry", "date": "2021-11-17T13:29:12.554Z", "delivery_cost": "0.00", "order_total": "89.99", "grand_total": "89.99", "original_bag": "{\"2\": {\"items_by_size\": {\"m\": 1}}}", "stripe_pid": "pi_3JwoBzKM0MimvIJW0tuBr1ux"}}, {"model": "checkout.order", "pk": 24, "fields": {"order_number": "09D2A85BD300495B8A367BD481073AFD", "user_profile": 1, "full_name": "test user", "email": "paugasol@someemail.com", "phone_number": "1234567890", "country": "BS", "postcode": null, "town_or_city": "tralee", "street_address1": "test", "street_address2": null, "county": "kerry", "date": "2021-11-17T13:51:04.110Z", "delivery_cost": "5.00", "order_total": "49.99", "grand_total": "54.99", "original_bag": "{\"4\": 1}", "stripe_pid": "pi_3JwoXBKM0MimvIJW1Rn6yv4d"}}, {"model": "checkout.order", "pk": 25, "fields": {"order_number": "F594DAF08CEB44BC9836BEE7300F7028", "user_profile": 1, "full_name": "test user", "email": "paugasol@someemail.com", "phone_number": "1234567890", "country": "BS", "postcode": null, "town_or_city": "tralee", "street_address1": "test", "street_address2": null, "county": "kerry", "date": "2021-11-17T14:05:57.525Z", "delivery_cost": "3.50", "order_total": "34.99", "grand_total": "38.49", "original_bag": "{\"5\": {\"items_by_size\": {\"m\": 1}}}", "stripe_pid": "pi_3JwolZKM0MimvIJW1Q7fXKbN"}}, {"model": "checkout.order", "pk": 26, "fields": {"order_number": "84F9851A9AE64EAEA6636A51C05853A3", "user_profile": 1, "full_name": "test user", "email": "paugasol@someemail.com", "phone_number": "1234567890", "country": "BS", "postcode": null, "town_or_city": "tralee", "street_address1": "test", "street_address2": null, "county": "kerry", "date": "2021-11-17T14:07:34.276Z", "delivery_cost": "0.00", "order_total": "159.99", "grand_total": "159.99", "original_bag": "{\"10\": {\"items_by_size\": {\"10\": 1}}}", "stripe_pid": "pi_3JwonAKM0MimvIJW0AEBPdh6"}}, {"model": "checkout.order", "pk": 27, "fields": {"order_number": "6AD52F42731D4D5EB20F4FBBC039A667", "user_profile": 1, "full_name": "test user", "email": "paugasol@someemail.com", "phone_number": "1234567890", "country": "BS", "postcode": null, "town_or_city": "tralee", "street_address1": "test", "street_address2": null, "county": "kerry", "date": "2021-11-17T14:24:47.019Z", "delivery_cost": "0.00", "order_total": "89.99", "grand_total": "89.99", "original_bag": "{\"2\": {\"items_by_size\": {\"m\": 1}}}", "stripe_pid": "pi_3Jwp3sKM0MimvIJW1kFq0nc0"}}, {"model": "checkout.orderlineitem", "pk": 8, "fields": {"order": 3, "product": 4, "product_size": null, "quantity": 1, "lineitem_total": "49.99"}}, {"model": "checkout.orderlineitem", "pk": 9, "fields": {"order": 4, "product": 3, "product_size": "m", "quantity": 1, "lineitem_total": "64.99"}}, {"model": "checkout.orderlineitem", "pk": 10, "fields": {"order": 4, "product": 1, "product_size": "10", "quantity": 1, "lineitem_total": "159.99"}}, {"model": "checkout.orderlineitem", "pk": 11, "fields": {"order": 5, "product": 2, "product_size": "m", "quantity": 1, "lineitem_total": "89.99"}}, {"model": "checkout.orderlineitem", "pk": 12, "fields": {"order": 6, "product": 10, "product_size": "10", "quantity": 1, "lineitem_total": "159.99"}}, {"model": "checkout.orderlineitem", "pk": 13, "fields": {"order": 7, "product": 2, "product_size": "m", "quantity": 1, "lineitem_total": "89.99"}}, {"model": "checkout.orderlineitem", "pk": 14, "fields": {"order": 8, "product": 2, "product_size": "m", "quantity": 1, "lineitem_total": "89.99"}}, {"model": "checkout.orderlineitem", "pk": 15, "fields": {"order": 9, "product": 2, "product_size": "m", "quantity": 1, "lineitem_total": "89.99"}}, {"model": "checkout.orderlineitem", "pk": 16, "fields": {"order": 10, "product": 5, "product_size": "m", "quantity": 4, "lineitem_total": "139.96"}}, {"model": "checkout.orderlineitem", "pk": 17, "fields": {"order": 11, "product": 5, "product_size": "m", "quantity": 1, "lineitem_total": "34.99"}}, {"model": "checkout.orderlineitem", "pk": 18, "fields": {"order": 12, "product": 1, "product_size": "10", "quantity": 1, "lineitem_total": "159.99"}}, {"model": "checkout.orderlineitem", "pk": 19, "fields": {"order": 13, "product": 5, "product_size": "m", "quantity": 1, "lineitem_total": "34.99"}}, {"model": "checkout.orderlineitem", "pk": 20, "fields": {"order": 14, "product": 2, "product_size": "m", "quantity": 1, "lineitem_total": "89.99"}}, {"model": "checkout.orderlineitem", "pk": 21, "fields": {"order": 15, "product": 5, "product_size": "m", "quantity": 1, "lineitem_total": "34.99"}}, {"model": "checkout.orderlineitem", "pk": 22, "fields": {"order": 15, "product": 1, "product_size": "10", "quantity": 1, "lineitem_total": "159.99"}}, {"model": "checkout.orderlineitem", "pk": 23, "fields": {"order": 16, "product": 2, "product_size": "m", "quantity": 1, "lineitem_total": "89.99"}}, {"model": "checkout.orderlineitem", "pk": 24, "fields": {"order": 17, "product": 1, "product_size": "10", "quantity": 1, "lineitem_total": "159.99"}}, {"model": "checkout.orderlineitem", "pk": 25, "fields": {"order": 18, "product": 4, "product_size": null, "quantity": 1, "lineitem_total": "49.99"}}, {"model": "checkout.orderlineitem", "pk": 26, "fields": {"order": 19, "product": 1, "product_size": "10", "quantity": 1, "lineitem_total": "159.99"}}, {"model": "checkout.orderlineitem", "pk": 27, "fields": {"order": 20, "product": 3, "product_size": "m", "quantity": 1, "lineitem_total": "64.99"}}, {"model": "checkout.orderlineitem", "pk": 28, "fields": {"order": 21, "product": 1, "product_size": "10", "quantity": 1, "lineitem_total": "159.99"}}, {"model": "checkout.orderlineitem", "pk": 29, "fields": {"order": 22, "product": 5, "product_size": "m", "quantity": 1, "lineitem_total": "34.99"}}, {"model": "checkout.orderlineitem", "pk": 30, "fields": {"order": 23, "product": 2, "product_size": "m", "quantity": 1, "lineitem_total": "89.99"}}, {"model": "checkout.orderlineitem", "pk": 31, "fields": {"order": 24, "product": 4, "product_size": null, "quantity": 1, "lineitem_total": "49.99"}}, {"model": "checkout.orderlineitem", "pk": 32, "fields": {"order": 25, "product": 5, "product_size": "m", "quantity": 1, "lineitem_total": "34.99"}}, {"model": "checkout.orderlineitem", "pk": 33, "fields": {"order": 26, "product": 10, "product_size": "10", "quantity": 1, "lineitem_total": "159.99"}}, {"model": "checkout.orderlineitem", "pk": 34, "fields": {"order": 27, "product": 2, "product_size": "m", "quantity": 1, "lineitem_total": "89.99"}}, {"model": "blog.post", "pk": 1, "fields": {"title": "Our First Blog Post", "slug": "first-blog-post", "author": 1, "updated_on": "2021-11-25T12:12:37.225Z", "content": "Everyone at Hoop Dreams is very excited to share our first ever blog post with you :)", "created_on": "2021-11-25T12:12:37.225Z", "status": 1}}, {"model": "blog.post", "pk": 2, "fields": {"title": "Girls In Sports", "slug": "girls-in-sports", "author": 1, "updated_on": "2021-11-26T14:49:32.651Z", "content": "Girls love to play sports", "created_on": "2021-11-26T14:49:32.651Z", "status": 1}}, {"model": "blog.post", "pk": 3, "fields": {"title": "Friday", "slug": "friday", "author": 1, "updated_on": "2021-11-30T14:07:40.601Z", "content": "Testing out our new edit feature!", "created_on": "2021-11-26T14:50:01.433Z", "status": 1}}, {"model": "blog.post", "pk": 7, "fields": {"title": "i love my girlfriend gráinne", "slug": "tru-luv", "author": 5, "updated_on": "2021-11-30T19:21:27.260Z", "content": "tomorrow is our anniversary. we were together long before then- took us a while to lock it down", "created_on": "2021-11-30T19:21:07.453Z", "status": 1}}]